fedebotta;the missing person;grumbach;goat brothers;colton;
fedebotta;the missing person;grumbach;goat brothers ;colton;
fedebotta;the missing person;grumbach;prince william;garner;
fedebotta;goat brothers;colton;the missing person;grumbach;
fedebotta;goat brothers;colton;prince william;garner;
fedebotta;goat brothers;colton;goat brothers;colton;
fedebotta;prince william;garner;goat brothers;colton;
fedebotta;prince william;garner;the missing person;grumbach;
fedebotta;prince william;garner;prince william;garner;
fedebotta;prince william;garner;goat brothers;colton;
